Column,Index,Value
submit_date,0,03/10/2023 11:54:57
submit_date,1,04/10/2023 09:58:47
submit_date,2,04/10/2023 14:32:02
submit_date,3,06/09/2024 08:15:18
submit_date,4,09/10/2023 09:47:53
submit_date,5,09/10/2023 10:00:27
submit_date,6,09/10/2023 12:30:35
submit_date,7,04/11/2024 16:42:15
submit_date,8,05/11/2024 09:58:29
submit_date,9,06/11/2024 10:42:56
submit_date,10,09/10/2024 07:12:41
submit_date,11,10/07/2023 15:52:06
submit_date,12,15/01/2025 15:15:16
submit_date,13,15/02/2024 10:11:25
submit_date,14,15/11/2024 12:02:48
submit_date,15,15/11/2024 12:07:51
submit_date,16,16/05/2024 06:33:09
submit_date,17,29/11/2024 10:06:07
submit_date,18,01/06/2023 10:24:30
submit_date,19,01/10/2024 10:48:47
submit_date,20,04/11/2024 14:24:43
submit_date,21,06/06/2023 09:39:59
submit_date,22,06/07/2023 06:27:14
submit_date,23,07/10/2024 08:08:38
submit_date,24,08/11/2024 16:12:48
submit_date,25,09/10/2024 09:19:28
submit_date,26,10/05/2023 15:33:26
submit_date,27,10/10/2024 09:55:18
submit_date,28,10/10/2024 12:11:20
submit_date,29,10/12/2024 14:56:44
submit_date,30,11/11/2024 09:47:10
submit_date,31,12/02/2024 12:56:51
submit_date,32,12/07/2024 09:14:33
submit_date,33,12/11/2024 13:14:22
submit_date,34,13/11/2024 08:31:53
submit_date,35,14/02/2024 12:39:40
submit_date,36,14/05/2024 07:42:11
submit_date,37,15/10/2024 10:44:43
submit_date,38,15/11/2024 08:44:29
submit_date,39,16/07/2024 11:32:13
submit_date,40,16/09/2024 15:34:10
submit_date,41,16/10/2024 09:51:40
submit_date,42,17/01/2025 14:14:41
submit_date,43,17/07/2024 12:38:12
submit_date,44,19/03/2024 16:46:05
submit_date,45,20/02/2024 14:04:14
submit_date,46,20/09/2024 14:51:50
submit_date,47,21/01/2025 15:15:17
submit_date,48,21/10/2024 11:04:04
submit_date,49,22/04/2024 12:16:18
submit_date,50,23/04/2024 09:17:22
submit_date,51,23/09/2024 07:06:16
submit_date,52,25/04/2024 14:20:58
submit_date,53,25/09/2024 12:42:08
submit_date,54,29/07/2024 09:28:01
submit_date,55,31/05/2023 11:31:18
submit_date,56,01/03/2024 07:59:52
submit_date,57,01/03/2024 09:52:19
submit_date,58,01/06/2023 07:39:27
submit_date,59,01/07/2024 08:58:05
submit_date,60,01/09/2023 13:17:43
submit_date,61,02/07/2024 13:12:07
submit_date,62,02/07/2024 16:22:15
submit_date,63,03/10/2024 06:37:23
submit_date,64,03/10/2024 14:09:23
submit_date,65,03/12/2024 16:30:40
submit_date,66,03/12/2024 17:41:03
submit_date,67,03/12/2024 18:37:15
submit_date,68,04/03/2024 12:39:28
submit_date,69,04/03/2024 15:22:18
submit_date,70,04/04/2023 08:54:54
submit_date,71,04/06/2024 11:45:51
submit_date,72,04/07/2023 09:32:55
submit_date,73,04/10/2024 07:51:41
submit_date,74,05/06/2023 14:42:44
submit_date,75,05/06/2024 11:54:04
submit_date,76,05/07/2024 07:16:08
submit_date,77,05/07/2024 15:44:59
submit_date,78,05/09/2023 12:12:15
submit_date,79,05/09/2024 10:23:23
submit_date,80,06/05/2024 12:32:38
submit_date,81,06/07/2023 08:49:00
submit_date,82,06/11/2023 07:17:21
submit_date,83,06/11/2023 07:29:10
submit_date,84,06/11/2023 07:41:38
submit_date,85,06/11/2024 12:12:50
submit_date,86,07/06/2024 13:24:11
submit_date,87,08/04/2024 08:36:10
submit_date,88,08/05/2024 14:22:26
submit_date,89,08/05/2024 14:43:14
submit_date,90,08/07/2024 10:52:46
submit_date,91,08/08/2024 11:51:15
submit_date,92,08/09/2023 13:10:24
submit_date,93,08/10/2024 14:01:51
submit_date,94,09/03/2023 16:32:03
submit_date,95,09/06/2023 07:11:13
submit_date,96,09/08/2023 11:28:34
submit_date,97,09/08/2024 08:14:35
submit_date,98,09/09/2024 07:04:48
submit_date,99,09/10/2024 07:16:34
submit_date,100,09/10/2024 07:21:49
submit_date,101,10/01/2025 13:50:41
submit_date,102,10/09/2024 18:31:24
submit_date,103,10/10/2023 14:52:00
submit_date,104,10/12/2024 17:27:28
submit_date,105,11/05/2023 11:59:52
submit_date,106,11/07/2024 10:41:58
submit_date,107,11/10/2023 13:18:59
submit_date,108,11/10/2024 07:47:11
submit_date,109,12/03/2024 11:42:43
submit_date,110,12/06/2024 12:02:01
submit_date,111,12/12/2024 09:28:09
submit_date,112,12/12/2024 15:53:06
submit_date,113,13/01/2025 13:06:11
submit_date,114,13/03/2024 11:28:30
submit_date,115,13/06/2024 11:16:06
submit_date,116,13/06/2024 11:32:54
submit_date,117,13/09/2023 14:19:58
submit_date,118,13/09/2024 13:03:23
submit_date,119,13/12/2024 14:38:29
submit_date,120,14/03/2023 08:55:29
submit_date,121,14/06/2023 14:01:03
submit_date,122,14/08/2023 15:01:23
submit_date,123,14/09/2023 11:52:07
submit_date,124,14/09/2023 13:21:18
submit_date,125,14/10/2024 10:08:00
submit_date,126,14/10/2024 11:27:15
submit_date,127,14/11/2024 17:02:50
submit_date,128,15/02/2024 14:43:58
submit_date,129,15/06/2023 10:52:07
submit_date,130,15/06/2023 14:37:17
submit_date,131,15/10/2024 12:10:38
submit_date,132,15/10/2024 12:56:47
submit_date,133,15/12/2023 08:46:37
submit_date,134,16/01/2024 09:20:57
submit_date,135,16/01/2024 12:41:49
submit_date,136,16/01/2024 18:13:47
submit_date,137,16/05/2023 07:08:21
submit_date,138,16/05/2023 15:59:13
submit_date,139,16/05/2023 16:18:21
submit_date,140,16/05/2024 15:18:04
submit_date,141,16/06/2023 09:39:19
submit_date,142,16/07/2024 16:13:32
submit_date,143,16/12/2024 14:54:53
submit_date,144,17/05/2023 07:00:06
submit_date,145,17/06/2024 11:05:32
submit_date,146,17/06/2024 12:00:08
submit_date,147,17/10/2023 07:39:55
submit_date,148,17/12/2024 14:33:44
submit_date,149,18/06/2024 10:54:00
submit_date,150,19/02/2024 08:23:52
submit_date,151,19/06/2024 09:46:09
submit_date,152,19/07/2023 08:44:56
submit_date,153,19/09/2024 11:47:20
submit_date,154,19/10/2023 09:18:47
submit_date,155,19/12/2023 16:26:29
submit_date,156,20/03/2023 17:04:32
submit_date,157,20/03/2024 10:17:13
submit_date,158,20/05/2024 10:36:42
submit_date,159,20/10/2023 08:55:20
submit_date,160,20/11/2024 08:52:45
submit_date,161,20/12/2024 11:25:44
submit_date,162,21/06/2023 10:41:09
submit_date,163,21/07/2023 17:41:09
submit_date,164,22/03/2023 07:12:32
submit_date,165,22/09/2023 07:13:23
submit_date,166,22/10/2024 10:29:09
submit_date,167,23/02/2024 08:45:39
submit_date,168,23/02/2024 10:44:12
submit_date,169,23/06/2023 11:04:08
submit_date,170,23/06/2023 12:10:01
submit_date,171,23/07/2024 09:49:58
submit_date,172,23/11/2024 09:46:30
submit_date,173,24/01/2025 11:30:23
submit_date,174,24/03/2023 10:56:50
submit_date,175,24/10/2024 09:00:42
submit_date,176,24/10/2024 10:30:35
submit_date,177,24/12/2024 18:02:09
submit_date,178,25/05/2023 08:17:12
submit_date,179,25/05/2023 11:16:56
submit_date,180,25/11/2024 10:00:37
submit_date,181,25/11/2024 10:38:00
submit_date,182,26/03/2024 17:59:37
submit_date,183,26/06/2023 16:32:06
submit_date,184,26/06/2023 20:32:51
submit_date,185,26/06/2024 11:32:47
submit_date,186,26/09/2023 16:30:01
submit_date,187,26/11/2024 18:07:30
submit_date,188,27/01/2025 12:27:05
submit_date,189,27/02/2024 09:56:07
submit_date,190,27/03/2024 10:48:08
submit_date,191,27/04/2023 07:30:59
submit_date,192,27/05/2024 07:31:48
submit_date,193,27/05/2024 10:46:39
submit_date,194,27/07/2023 06:09:55
submit_date,195,27/09/2023 10:20:28
submit_date,196,27/09/2024 12:18:47
submit_date,197,27/11/2024 12:23:28
submit_date,198,28/01/2025 12:55:18
submit_date,199,28/01/2025 13:37:23
submit_date,200,28/05/2024 08:49:21
submit_date,201,28/05/2024 16:51:46
submit_date,202,28/06/2023 11:13:15
submit_date,203,28/06/2023 12:35:42
submit_date,204,28/06/2023 13:58:45
submit_date,205,29/02/2024 14:51:54
submit_date,206,29/03/2023 12:20:40
submit_date,207,29/07/2024 08:58:45
submit_date,208,29/07/2024 10:14:46
submit_date,209,29/07/2024 13:35:30
submit_date,210,29/11/2024 12:22:52
submit_date,211,30/01/2025 16:16:47
submit_date,212,30/04/2024 08:17:31
submit_date,213,30/05/2024 09:50:11
submit_date,214,30/05/2024 15:26:38
submit_date,215,30/07/2024 12:14:22
submit_date,216,30/07/2024 14:04:18
submit_date,217,30/12/2024 09:51:36
submit_date,218,31/01/2025 11:53:57
submit_date,219,31/03/2023 13:51:13
submit_date,220,31/05/2024 09:00:05
submit_date,221,31/08/2023 15:21:15
submit_date,222,31/10/2024 09:57:18
submit_date,223,31/12/2024 09:55:28
scheduled_start_date,0,09/10/2023 18:00:00
scheduled_start_date,1,19/02/2024 14:00:00
scheduled_start_date,2,04/10/2023 16:00:00
scheduled_start_date,3,04/10/2023 18:00:00
scheduled_start_date,4,04/10/2023 20:00:00
scheduled_start_date,5,06/09/2024 10:30:00
scheduled_start_date,6,10/10/2023 18:00:00
scheduled_start_date,7,15/10/2024 18:00:00
scheduled_start_date,8,02/12/2024 06:00:00
scheduled_start_date,9,03/06/2024 14:00:00
scheduled_start_date,10,04/06/2024 13:00:00
scheduled_start_date,11,04/11/2024 21:00:00
scheduled_start_date,12,05/11/2024 10:30:00
scheduled_start_date,13,06/06/2023 13:00:00
scheduled_start_date,14,06/11/2024 15:30:00
scheduled_start_date,15,09/10/2024 14:00:00
scheduled_start_date,16,11/07/2023 11:30:00
scheduled_start_date,17,14/10/2024 16:00:00
scheduled_start_date,18,18/11/2024 15:00:00
scheduled_start_date,19,20/03/2024 15:00:00
scheduled_start_date,20,29/11/2024 12:00:00
scheduled_start_date,21,30/01/2025 14:00:00
scheduled_start_date,22,01/06/2023 18:00:00
scheduled_start_date,23,01/10/2024 14:00:00
scheduled_start_date,24,06/07/2023 18:00:00
scheduled_start_date,25,06/11/2024 17:00:00
scheduled_start_date,26,06/11/2024 21:00:00
scheduled_start_date,27,07/10/2024 13:00:00
scheduled_start_date,28,08/10/2024 10:00:00
scheduled_start_date,29,10/10/2024 13:00:00
scheduled_start_date,30,10/12/2024 20:00:00
scheduled_start_date,31,11/05/2023 15:00:00
scheduled_start_date,32,11/11/2024 16:00:00
scheduled_start_date,33,12/07/2024 13:00:00
scheduled_start_date,34,12/11/2024 16:00:00
scheduled_start_date,35,13/06/2024 12:00:00
scheduled_start_date,36,13/11/2024 12:00:00
scheduled_start_date,37,13/11/2024 16:00:00
scheduled_start_date,38,14/02/2025 14:00:00
scheduled_start_date,39,15/06/2023 15:00:00
scheduled_start_date,40,15/10/2024 13:00:00
scheduled_start_date,41,16/05/2024 10:00:00
scheduled_start_date,42,16/07/2024 12:30:00
scheduled_start_date,43,18/11/2023 00:00:00
scheduled_start_date,44,18/11/2024 09:00:00
scheduled_start_date,45,22/04/2024 18:00:00
scheduled_start_date,46,22/07/2024 14:00:00
scheduled_start_date,47,23/04/2024 18:00:00
scheduled_start_date,48,23/09/2024 12:00:00
scheduled_start_date,49,23/10/2024 14:00:00
scheduled_start_date,50,24/01/2025 14:00:00
scheduled_start_date,51,25/04/2024 15:00:00
scheduled_start_date,52,25/09/2024 17:00:00
scheduled_start_date,53,26/09/2024 16:00:00
scheduled_start_date,54,28/02/2024 14:00:00
scheduled_start_date,55,30/07/2024 10:00:00
scheduled_start_date,56,31/05/2023 18:30:00
scheduled_start_date,57,01/07/2024 18:00:00
scheduled_start_date,58,01/08/2023 00:00:00
scheduled_start_date,59,01/08/2024 21:59:00
scheduled_start_date,60,01/12/2024 06:00:00
scheduled_start_date,61,02/07/2024 14:00:00
scheduled_start_date,62,03/02/2025 22:59:00
scheduled_start_date,63,03/04/2024 02:30:00
scheduled_start_date,64,03/06/2024 12:00:00
scheduled_start_date,65,03/07/2024 18:00:00
scheduled_start_date,66,03/07/2024 20:00:00
scheduled_start_date,67,03/12/2024 20:00:00
scheduled_start_date,68,04/03/2024 13:00:00
scheduled_start_date,69,04/04/2023 12:00:00
scheduled_start_date,70,04/06/2024 16:00:00
scheduled_start_date,71,04/06/2024 19:00:00
scheduled_start_date,72,04/09/2023 05:00:00
scheduled_start_date,73,04/11/2024 22:59:00
scheduled_start_date,74,05/06/2024 14:00:00
scheduled_start_date,75,05/09/2023 14:00:00
scheduled_start_date,76,05/09/2024 07:00:00
scheduled_start_date,77,06/03/2024 14:00:00
scheduled_start_date,78,06/11/2024 13:00:00
scheduled_start_date,79,07/03/2024 13:00:00
scheduled_start_date,80,07/06/2023 14:00:00
scheduled_start_date,81,07/06/2024 23:00:00
scheduled_start_date,82,07/07/2023 23:00:00
scheduled_start_date,83,07/09/2023 14:00:00
scheduled_start_date,84,08/07/2023 18:00:00
scheduled_start_date,85,08/07/2024 12:30:00
scheduled_start_date,86,08/09/2023 13:30:00
scheduled_start_date,87,09/04/2024 10:00:00
scheduled_start_date,88,09/05/2023 08:00:00
scheduled_start_date,89,09/07/2024 20:00:00
scheduled_start_date,90,09/08/2023 18:00:00
scheduled_start_date,91,09/08/2024 13:00:00
scheduled_start_date,92,09/09/2024 07:30:00
scheduled_start_date,93,10/07/2023 16:00:00
scheduled_start_date,94,10/07/2024 17:00:00
scheduled_start_date,95,10/10/2024 14:00:00
scheduled_start_date,96,10/12/2024 19:00:00
scheduled_start_date,97,11/04/2023 08:00:00
scheduled_start_date,98,11/07/2023 14:00:00
scheduled_start_date,99,11/07/2024 20:00:00
scheduled_start_date,100,11/10/2024 08:00:00
scheduled_start_date,101,11/12/2024 19:00:00
scheduled_start_date,102,12/04/2023 15:00:00
scheduled_start_date,103,12/06/2024 18:00:00
scheduled_start_date,104,12/08/2024 13:00:00
scheduled_start_date,105,12/09/2024 21:59:00
scheduled_start_date,106,12/11/2024 07:00:00
scheduled_start_date,107,12/12/2024 14:30:00
scheduled_start_date,108,13/02/2025 19:00:00
scheduled_start_date,109,13/03/2024 12:00:00
scheduled_start_date,110,13/09/2023 15:00:00
scheduled_start_date,111,13/09/2024 13:00:00
scheduled_start_date,112,14/06/2023 15:00:00
scheduled_start_date,113,14/06/2024 14:00:00
scheduled_start_date,114,14/09/2023 12:30:00
scheduled_start_date,115,14/09/2023 14:45:00
scheduled_start_date,116,14/10/2024 14:00:00
scheduled_start_date,117,14/11/2024 20:00:00
scheduled_start_date,118,15/06/2023 11:00:00
scheduled_start_date,119,15/06/2023 21:00:00
scheduled_start_date,120,15/10/2023 18:00:00
scheduled_start_date,121,15/10/2024 15:00:00
scheduled_start_date,122,16/05/2023 10:00:00
scheduled_start_date,123,16/05/2023 19:00:00
scheduled_start_date,124,16/07/2024 14:00:00
scheduled_start_date,125,16/12/2024 21:00:00
scheduled_start_date,126,17/05/2023 14:00:00
scheduled_start_date,127,17/06/2024 16:00:00
scheduled_start_date,128,17/10/2023 14:00:00
scheduled_start_date,129,17/12/2024 19:00:00
scheduled_start_date,130,18/01/2024 09:00:00
scheduled_start_date,131,18/01/2024 16:00:00
scheduled_start_date,132,18/06/2024 06:00:00
scheduled_start_date,133,18/06/2024 13:00:00
scheduled_start_date,134,18/07/2024 14:00:00
scheduled_start_date,135,18/07/2024 20:00:00
scheduled_start_date,136,18/11/2024 21:00:00
scheduled_start_date,137,18/12/2024 11:00:00
scheduled_start_date,138,18/12/2024 13:00:00
scheduled_start_date,139,19/01/2024 18:00:00
scheduled_start_date,140,19/02/2024 22:59:00
scheduled_start_date,141,19/06/2023 13:00:00
scheduled_start_date,142,19/10/2023 20:00:00
scheduled_start_date,143,19/12/2023 22:00:00
scheduled_start_date,144,19/12/2024 16:00:00
scheduled_start_date,145,20/05/2024 21:59:00
scheduled_start_date,146,20/10/2023 18:00:00
scheduled_start_date,147,20/11/2024 11:00:00
scheduled_start_date,148,21/02/2024 19:00:00
scheduled_start_date,149,21/07/2023 19:00:00
scheduled_start_date,150,21/10/2023 06:00:00
scheduled_start_date,151,21/10/2024 21:59:00
scheduled_start_date,152,21/12/2023 00:00:00
scheduled_start_date,153,22/11/2024 15:00:00
scheduled_start_date,154,23/01/2025 19:00:00
scheduled_start_date,155,23/02/2024 08:30:00
scheduled_start_date,156,23/02/2024 12:00:00
scheduled_start_date,157,23/03/2023 19:00:00
scheduled_start_date,158,23/05/2023 15:00:00
scheduled_start_date,159,23/05/2023 16:00:00
scheduled_start_date,160,23/07/2024 13:00:00
scheduled_start_date,161,24/02/2025 19:00:00
scheduled_start_date,162,24/07/2023 05:00:00
scheduled_start_date,163,24/07/2024 13:30:00
scheduled_start_date,164,25/05/2023 10:00:00
scheduled_start_date,165,25/09/2024 13:00:00
scheduled_start_date,166,25/11/2023 01:30:00
scheduled_start_date,167,25/11/2024 11:00:00
scheduled_start_date,168,25/11/2024 13:00:00
scheduled_start_date,169,26/03/2024 20:00:00
scheduled_start_date,170,26/03/2024 22:59:00
scheduled_start_date,171,26/06/2023 06:00:00
scheduled_start_date,172,27/01/2025 14:00:00
scheduled_start_date,173,27/01/2025 20:30:00
scheduled_start_date,174,27/02/2024 10:55:00
scheduled_start_date,175,27/03/2023 21:59:00
scheduled_start_date,176,27/03/2024 22:59:00
scheduled_start_date,177,27/04/2023 10:00:00
scheduled_start_date,178,27/05/2024 18:00:00
scheduled_start_date,179,27/06/2023 08:35:00
scheduled_start_date,180,27/06/2023 16:00:00
scheduled_start_date,181,27/07/2023 14:00:00
scheduled_start_date,182,27/09/2023 05:15:00
scheduled_start_date,183,27/09/2024 14:30:00
scheduled_start_date,184,27/11/2024 20:00:00
scheduled_start_date,185,28/01/2025 14:00:00
scheduled_start_date,186,28/01/2025 20:30:00
scheduled_start_date,187,28/01/2025 23:00:00
scheduled_start_date,188,28/09/2023 05:15:00
scheduled_start_date,189,28/10/2024 22:59:00
scheduled_start_date,190,28/11/2024 14:00:00
scheduled_start_date,191,29/02/2024 16:00:00
scheduled_start_date,192,29/03/2023 14:00:00
scheduled_start_date,193,29/06/2023 14:00:00
scheduled_start_date,194,29/06/2023 20:00:00
scheduled_start_date,195,29/07/2024 11:15:00
scheduled_start_date,196,29/07/2024 15:00:00
scheduled_start_date,197,29/09/2023 13:00:00
scheduled_start_date,198,29/10/2024 16:00:00
scheduled_start_date,199,29/11/2024 14:00:00
scheduled_start_date,200,30/01/2025 19:00:00
scheduled_start_date,201,30/01/2025 21:00:00
scheduled_start_date,202,30/03/2023 05:30:00
scheduled_start_date,203,30/05/2024 00:00:00
scheduled_start_date,204,30/05/2024 20:00:00
scheduled_start_date,205,30/10/2024 21:00:00
scheduled_start_date,206,30/12/2024 10:00:00
scheduled_start_date,207,31/05/2024 13:00:00
scheduled_start_date,208,31/07/2024 13:30:00
scheduled_start_date,209,31/08/2023 20:00:00
scheduled_start_date,210,31/10/2024 14:00:00
scheduled_end_date,0,09/10/2023 21:00:00
scheduled_end_date,1,19/02/2024 16:00:00
scheduled_end_date,2,04/10/2023 19:00:00
scheduled_end_date,3,04/10/2023 20:00:00
scheduled_end_date,4,05/10/2023 00:00:00
scheduled_end_date,5,07/09/2024 11:00:00
scheduled_end_date,6,10/10/2023 21:00:00
scheduled_end_date,7,02/12/2024 10:00:00
scheduled_end_date,8,04/06/2024 10:00:00
scheduled_end_date,9,04/06/2024 15:00:00
scheduled_end_date,10,04/12/2024 18:00:00
scheduled_end_date,11,05/11/2024 00:00:00
scheduled_end_date,12,06/11/2024 16:00:00
scheduled_end_date,13,08/11/2024 14:00:00
scheduled_end_date,14,09/10/2024 14:30:00
scheduled_end_date,15,11/07/2023 12:30:00
scheduled_end_date,16,18/11/2024 19:00:00
scheduled_end_date,17,22/03/2024 15:00:00
scheduled_end_date,18,30/01/2025 16:00:00
scheduled_end_date,19,01/06/2023 20:00:00
scheduled_end_date,20,01/10/2024 15:00:00
scheduled_end_date,21,06/06/2023 15:00:00
scheduled_end_date,22,06/07/2023 20:00:00
scheduled_end_date,23,06/11/2024 18:00:00
scheduled_end_date,24,07/11/2024 00:30:00
scheduled_end_date,25,08/10/2024 14:00:00
scheduled_end_date,26,11/05/2023 15:30:00
scheduled_end_date,27,11/10/2024 10:00:00
scheduled_end_date,28,11/10/2024 16:00:00
scheduled_end_date,29,11/10/2024 18:00:00
scheduled_end_date,30,11/11/2024 17:00:00
scheduled_end_date,31,11/12/2024 11:00:00
scheduled_end_date,32,12/11/2024 17:00:00
scheduled_end_date,33,13/06/2024 12:40:00
scheduled_end_date,34,13/11/2024 14:30:00
scheduled_end_date,35,13/11/2024 17:00:00
scheduled_end_date,36,14/10/2024 18:00:00
scheduled_end_date,37,15/10/2024 14:00:00
scheduled_end_date,38,16/05/2024 13:00:00
scheduled_end_date,39,16/07/2024 13:00:00
scheduled_end_date,40,16/10/2024 00:00:00
scheduled_end_date,41,17/02/2025 16:00:00
scheduled_end_date,42,17/07/2024 14:00:00
scheduled_end_date,43,18/11/2023 03:00:00
scheduled_end_date,44,18/11/2024 16:00:00
scheduled_end_date,45,18/12/2024 15:00:00
scheduled_end_date,46,19/02/2024 17:00:00
scheduled_end_date,47,22/04/2024 20:00:00
scheduled_end_date,48,23/04/2024 20:00:00
scheduled_end_date,49,23/09/2024 15:30:00
scheduled_end_date,50,23/10/2024 18:30:00
scheduled_end_date,51,25/04/2024 17:00:00
scheduled_end_date,52,25/07/2024 13:00:00
scheduled_end_date,53,26/09/2024 18:00:00
scheduled_end_date,54,28/01/2025 22:00:00
scheduled_end_date,55,28/02/2024 18:00:00
scheduled_end_date,56,30/09/2024 17:00:00
scheduled_end_date,57,31/05/2023 20:30:00
scheduled_end_date,58,31/07/2024 10:00:00
scheduled_end_date,59,01/07/2024 20:00:00
scheduled_end_date,60,01/08/2023 02:30:00
scheduled_end_date,61,01/08/2024 13:00:00
scheduled_end_date,62,01/09/2023 00:00:00
scheduled_end_date,63,01/12/2024 10:00:00
scheduled_end_date,64,02/07/2024 15:00:00
scheduled_end_date,65,02/08/2024 00:00:00
scheduled_end_date,66,02/12/2024 16:00:00
scheduled_end_date,67,03/04/2024 03:30:00
scheduled_end_date,68,03/06/2024 16:00:00
scheduled_end_date,69,03/07/2024 20:00:00
scheduled_end_date,70,04/02/2025 02:00:00
scheduled_end_date,71,04/06/2024 19:00:00
scheduled_end_date,72,04/06/2024 21:00:00
scheduled_end_date,73,04/07/2024 05:00:00
scheduled_end_date,74,04/12/2024 20:00:00
scheduled_end_date,75,05/09/2023 16:40:00
scheduled_end_date,76,05/09/2024 16:00:00
scheduled_end_date,77,05/11/2024 02:00:00
scheduled_end_date,78,06/04/2023 13:00:00
scheduled_end_date,79,06/06/2024 14:00:00
scheduled_end_date,80,06/11/2024 14:00:00
scheduled_end_date,81,07/06/2023 13:00:00
scheduled_end_date,82,07/09/2023 16:00:00
scheduled_end_date,83,08/06/2023 10:00:00
scheduled_end_date,84,08/06/2024 00:15:00
scheduled_end_date,85,08/07/2023 03:00:00
scheduled_end_date,86,08/07/2024 15:30:00
scheduled_end_date,87,08/09/2023 15:00:00
scheduled_end_date,88,09/04/2024 14:00:00
scheduled_end_date,89,09/05/2023 12:00:00
scheduled_end_date,90,09/07/2023 04:00:00
scheduled_end_date,91,09/07/2024 23:00:00
scheduled_end_date,92,09/08/2023 19:00:00
scheduled_end_date,93,09/09/2024 08:00:00
scheduled_end_date,94,10/07/2023 18:30:00
scheduled_end_date,95,10/07/2024 21:59:59
scheduled_end_date,96,10/09/2023 22:30:00
scheduled_end_date,97,10/12/2024 22:30:00
scheduled_end_date,98,11/03/2024 14:00:00
scheduled_end_date,99,11/03/2024 17:00:00
scheduled_end_date,100,11/03/2024 18:00:00
scheduled_end_date,101,11/07/2023 17:00:00
scheduled_end_date,102,11/07/2024 23:00:00
scheduled_end_date,103,11/12/2024 22:30:00
scheduled_end_date,104,12/06/2024 20:00:00
scheduled_end_date,105,12/09/2024 23:00:00
scheduled_end_date,106,12/12/2024 16:00:00
scheduled_end_date,107,13/02/2025 21:00:00
scheduled_end_date,108,13/03/2024 19:30:00
scheduled_end_date,109,13/04/2023 15:00:00
scheduled_end_date,110,13/08/2024 13:00:00
scheduled_end_date,111,13/09/2023 17:00:00
scheduled_end_date,112,13/11/2024 11:00:00
scheduled_end_date,113,14/04/2023 18:15:00
scheduled_end_date,114,14/06/2023 19:30:00
scheduled_end_date,115,14/08/2024 13:00:00
scheduled_end_date,116,14/09/2023 13:00:00
scheduled_end_date,117,14/09/2023 16:30:00
scheduled_end_date,118,14/10/2024 19:00:00
scheduled_end_date,119,14/10/2024 20:00:00
scheduled_end_date,120,14/11/2024 22:00:00
scheduled_end_date,121,15/06/2023 13:45:00
scheduled_end_date,122,15/06/2023 18:00:00
scheduled_end_date,123,15/10/2024 20:00:00
scheduled_end_date,124,15/10/2024 21:00:00
scheduled_end_date,125,16/05/2023 19:30:00
scheduled_end_date,126,16/06/2023 00:00:00
scheduled_end_date,127,16/06/2023 10:00:00
scheduled_end_date,128,16/07/2024 17:00:00
scheduled_end_date,129,16/09/2024 08:00:00
scheduled_end_date,130,16/10/2023 16:00:00
scheduled_end_date,131,16/10/2024 10:00:00
scheduled_end_date,132,17/05/2023 15:00:00
scheduled_end_date,133,17/06/2024 12:00:00
scheduled_end_date,134,17/06/2024 17:00:00
scheduled_end_date,135,17/10/2023 17:00:00
scheduled_end_date,136,17/12/2024 01:00:00
scheduled_end_date,137,17/12/2024 21:00:00
scheduled_end_date,138,18/01/2024 19:00:00
scheduled_end_date,139,18/05/2023 13:00:00
scheduled_end_date,140,18/06/2024 13:40:00
scheduled_end_date,141,18/07/2024 17:00:00
scheduled_end_date,142,18/07/2024 21:59:00
scheduled_end_date,143,18/11/2024 22:00:00
scheduled_end_date,144,19/01/2024 20:30:00
scheduled_end_date,145,19/06/2023 17:30:00
scheduled_end_date,146,19/06/2024 08:00:00
scheduled_end_date,147,19/10/2023 23:00:00
scheduled_end_date,148,19/12/2024 17:00:00
scheduled_end_date,149,20/02/2024 01:00:00
scheduled_end_date,150,20/11/2024 12:00:00
scheduled_end_date,151,20/12/2023 02:00:00
scheduled_end_date,152,21/02/2024 22:00:00
scheduled_end_date,153,21/05/2024 01:00:00
scheduled_end_date,154,21/07/2023 21:59:00
scheduled_end_date,155,21/10/2023 08:00:00
scheduled_end_date,156,21/10/2023 11:00:00
scheduled_end_date,157,21/10/2024 22:59:00
scheduled_end_date,158,21/12/2023 10:00:00
scheduled_end_date,159,23/01/2024 11:00:00
scheduled_end_date,160,23/01/2025 22:59:00
scheduled_end_date,161,23/02/2024 09:15:00
scheduled_end_date,162,23/02/2024 14:00:00
scheduled_end_date,163,24/03/2023 02:00:00
scheduled_end_date,164,24/07/2024 16:30:00
scheduled_end_date,165,25/02/2025 01:00:00
scheduled_end_date,166,25/05/2023 16:00:00
scheduled_end_date,167,25/05/2023 17:00:00
scheduled_end_date,168,25/11/2023 04:30:00
scheduled_end_date,169,25/11/2024 13:00:00
scheduled_end_date,170,25/11/2024 16:00:00
scheduled_end_date,171,26/03/2024 22:00:00
scheduled_end_date,172,26/06/2023 07:00:00
scheduled_end_date,173,26/07/2024 13:00:00
scheduled_end_date,174,26/09/2024 13:00:00
scheduled_end_date,175,26/11/2024 11:00:00
scheduled_end_date,176,27/01/2025 17:00:00
scheduled_end_date,177,27/01/2025 23:30:00
scheduled_end_date,178,27/02/2024 14:00:00
scheduled_end_date,179,27/03/2024 02:00:00
scheduled_end_date,180,27/04/2023 11:30:00
scheduled_end_date,181,27/05/2024 20:00:00
scheduled_end_date,182,27/06/2023 09:45:00
scheduled_end_date,183,27/06/2023 18:00:00
scheduled_end_date,184,27/09/2023 06:15:00
scheduled_end_date,185,27/09/2024 18:00:00
scheduled_end_date,186,27/11/2024 22:30:00
scheduled_end_date,187,28/01/2025 23:30:00
scheduled_end_date,188,28/03/2023 00:00:00
scheduled_end_date,189,28/03/2024 02:00:00
scheduled_end_date,190,28/09/2023 06:15:00
scheduled_end_date,191,29/01/2025 02:00:00
scheduled_end_date,192,29/02/2024 18:00:00
scheduled_end_date,193,29/03/2023 17:00:00
scheduled_end_date,194,29/05/2023 11:00:00
scheduled_end_date,195,29/06/2023 15:00:00
scheduled_end_date,196,29/06/2023 21:00:00
scheduled_end_date,197,29/09/2023 22:00:00
scheduled_end_date,198,29/10/2024 00:00:00
scheduled_end_date,199,29/11/2024 17:00:00
scheduled_end_date,200,30/01/2025 17:00:00
scheduled_end_date,201,30/01/2025 23:30:00
scheduled_end_date,202,30/03/2023 06:00:00
scheduled_end_date,203,30/05/2024 10:00:00
scheduled_end_date,204,30/05/2024 21:59:00
scheduled_end_date,205,30/07/2023 22:30:00
scheduled_end_date,206,30/10/2024 11:00:00
scheduled_end_date,207,30/10/2024 22:00:00
scheduled_end_date,208,30/12/2024 12:00:00
scheduled_end_date,209,31/01/2025 01:00:00
scheduled_end_date,210,31/05/2024 16:00:00
scheduled_end_date,211,31/07/2023 15:00:00
scheduled_end_date,212,31/07/2024 13:15:00
scheduled_end_date,213,31/07/2024 16:00:00
scheduled_end_date,214,31/10/2024 18:00:00
f01_chr_serviceid,0,ST.APP.02689
f01_chr_serviceid,1,ST.APP.01889
f01_chr_serviceid,2,ST.NUS.BSNUS
f01_chr_serviceid,3,ST.APP.02514
f01_chr_serviceid,4,ST.NUS.BSITU
f01_chr_serviceid,5,ST.LLT.LT2
f01_chr_serviceid,6,ST.APP.01276
f01_chr_serviceid,7,CP.APP.01370.06
f01_chr_serviceid,8,ST.APP.00387
f01_chr_serviceid,9,CP.APP.01398.05
f01_chr_serviceid,10,ST.APP.01668
f01_chr_serviceid,11,ST.APP.03174
f01_chr_serviceid,12,ST.APP.03195
f01_chr_serviceid,13,ST.NUS.BSN3S
f01_chr_serviceid,14,CP.APP.00021.01
f01_chr_serviceid,15,CP.APP.01276.01
f01_chr_serviceid,16,CP.APP.02678.01
f01_chr_serviceid,17,ST.APP.00170
f01_chr_serviceid,18,ST.APP.00192
f01_chr_serviceid,19,ST.APP.03919
f01_chr_serviceid,20,ST.LLT.ETC
f01_chr_serviceid,21,ST.NUS.BSVPN
f01_chr_serviceid,22,CP.APP.01276.04
f01_chr_serviceid,23,ST.APP.00323
f01_chr_serviceid,24,ST.APP.00706
f01_chr_serviceid,25,ST.APP.00857
f01_chr_serviceid,26,ST.APP.00918
f01_chr_serviceid,27,ST.APP.01160
f01_chr_serviceid,28,ST.APP.02982
f01_chr_serviceid,29,ST.APP.03022
f01_chr_serviceid,30,ST.APP.03421
f01_chr_serviceid,31,ST.APP.03903
f01_chr_serviceid,32,ST.NUS.BS3EM
f01_chr_serviceid,33,ST.NUS.BSSLT
f01_chr_serviceid,34,ST.NUS.BSSTI
f01_chr_serviceid,35,CP.APP.00196.06
f01_chr_serviceid,36,CP.APP.00440.02
f01_chr_serviceid,37,CP.APP.01889.26
f01_chr_serviceid,38,CP.APP.02500.01
f01_chr_serviceid,39,CP.APP.02680.05
f01_chr_serviceid,40,CP.APP.02700.01
f01_chr_serviceid,41,CP.APP.03277.02
f01_chr_serviceid,42,ST.APP.00206
f01_chr_serviceid,43,ST.APP.00432
f01_chr_serviceid,44,ST.APP.00913
f01_chr_serviceid,45,ST.APP.01038
f01_chr_serviceid,46,ST.APP.01102
f01_chr_serviceid,47,ST.APP.01213
f01_chr_serviceid,48,ST.APP.01235
f01_chr_serviceid,49,ST.APP.01281
f01_chr_serviceid,50,ST.APP.01504
f01_chr_serviceid,51,ST.APP.01555
f01_chr_serviceid,52,ST.APP.01783
f01_chr_serviceid,53,ST.APP.02500
f01_chr_serviceid,54,ST.APP.02516
f01_chr_serviceid,55,ST.APP.02801
f01_chr_serviceid,56,ST.APP.02962
f01_chr_serviceid,57,ST.APP.03208
f01_chr_serviceid,58,ST.APP.03217
f01_chr_serviceid,59,ST.APP.03281
f01_chr_serviceid,60,ST.APP.90301
f01_chr_serviceid,61,ST.NUS.BSPUB
f01_chr_serviceid,62,CP.APP.00192.12
f01_chr_serviceid,63,CP.APP.00819.01
f01_chr_serviceid,64,CP.APP.01038.03
f01_chr_serviceid,65,CP.APP.01371.07
f01_chr_serviceid,66,CP.APP.01371.10
f01_chr_serviceid,67,CP.APP.01682.01
f01_chr_serviceid,68,CP.APP.01889.23
f01_chr_serviceid,69,CP.APP.02559.01
f01_chr_serviceid,70,CP.APP.02580.01
f01_chr_serviceid,71,CP.APP.02980.02
f01_chr_serviceid,72,CP.APP.03981.04
f01_chr_serviceid,73,ST.APP.00073
f01_chr_serviceid,74,ST.APP.00161
f01_chr_serviceid,75,ST.APP.00196
f01_chr_serviceid,76,ST.APP.00252
f01_chr_serviceid,77,ST.APP.00265
f01_chr_serviceid,78,ST.APP.00446
f01_chr_serviceid,79,ST.APP.00487
f01_chr_serviceid,80,ST.APP.00625
f01_chr_serviceid,81,ST.APP.00648
f01_chr_serviceid,82,ST.APP.00783
f01_chr_serviceid,83,ST.APP.00829
f01_chr_serviceid,84,ST.APP.00988
f01_chr_serviceid,85,ST.APP.01148
f01_chr_serviceid,86,ST.APP.01245
f01_chr_serviceid,87,ST.APP.01627
f01_chr_serviceid,88,ST.APP.01653
f01_chr_serviceid,89,ST.APP.01655
f01_chr_serviceid,90,ST.APP.01671
f01_chr_serviceid,91,ST.APP.01876
f01_chr_serviceid,92,ST.APP.01936
f01_chr_serviceid,93,ST.APP.02050
f01_chr_serviceid,94,ST.APP.02506
f01_chr_serviceid,95,ST.APP.02529
f01_chr_serviceid,96,ST.APP.02535
f01_chr_serviceid,97,ST.APP.02580
f01_chr_serviceid,98,ST.APP.02647
f01_chr_serviceid,99,ST.APP.02670
f01_chr_serviceid,100,ST.APP.02703
f01_chr_serviceid,101,ST.APP.02945
f01_chr_serviceid,102,ST.APP.02968
f01_chr_serviceid,103,ST.APP.03420
f01_chr_serviceid,104,ST.APP.03534
f01_chr_serviceid,105,ST.APP.03653
f01_chr_serviceid,106,ST.NUS.BSSAN
serviceci,0,EJCAT - DOCUMENTS I ESQUEMES DE TRAMITACIO D'EJCAT (CDEE)
serviceci,1,ECAP - SISTEMA ASSISTENCIAL ATENCIO PRIMARIA
serviceci,2,BSNUS - ACCES AL NUS
serviceci,3,BSITU - INTERNET D'USUARIS
serviceci,4,EFICIENCIA ENERGETICA
serviceci,5,"SUPORT PRESENCIAL, PROVISIO, PLATAFORMA I IMPRESSIO"
serviceci,6,ARGOS SAP ASSISTENCIAL
serviceci,7,EJCAT-SUP-GDO (GESTIO DE DOCUMENTS)
serviceci,8,GECO+: GESTOR CONTINGUTS I PORTALS
serviceci,9,BSN3S - N3 SEUS
serviceci,10,GEEC 2.0
serviceci,11,SIMDCAT
serviceci,12,SISTEMA D'INTERMEDIACIO DE LES COMUNITATS AUTONOMES (SICAS)
serviceci,13,TEMIS2 - GENERAL
serviceci,14,ARGOS SAP ASSISTENCIAL - HIS
serviceci,15,BSVPN - VPN USUARIS GENERALITAT
serviceci,16,E-RVC: REGISTRE VITIVINICOLA DE CATALUNYA - TRANSFORMACIO
serviceci,17,ESFERA
serviceci,18,ESPAI DE TREBALL I COL·LABORACIO
serviceci,19,FRAMEWORK SIC
serviceci,20,SIC - SISTEMA D'INFORMACIO DE CONSUM
serviceci,21,SOSTIC
serviceci,22,ACCES A FUNCIONS I DADES
serviceci,23,ARGOS SAP ASSISTENCIAL - ETC
serviceci,24,ATRI - PORTAL DE L'EMPLEAT DE LA GENERALITAT DE CATALUNYA
serviceci,25,BS3EM - TERCERES EMPRESES
serviceci,26,BSSLT - SERVEIS PER LLDT
serviceci,27,BSSTI - SERVEIS PER TI
serviceci,28,CONTA - COMUNICACIONS D'ACCIDENTS DE TREBALL
serviceci,29,ELECTIA - REGISTRE D'ACTES ELECTORALS
serviceci,30,HISTORIA CLINICA COMPARTIDA - LA MEVA SALUT
serviceci,31,OPENSHIFT CPD3
serviceci,32,PLATAFORMA DE SERVEIS DE CONTRACTACIO PUBLICA
serviceci,33,PORTAL DEL TREBALLADOR
serviceci,34,SISTEMA VALISA VIRTUAL DE TSF
serviceci,35,ACA CC
serviceci,36,BASE DE DADES DE LA SEU ELECTRONICA DE LA GENERALITAT
serviceci,37,BASE DE DADES DE LA SEU ELECTRONICA DE LA GENERALITAT: BACK-OFFICE
serviceci,38,BSPUB - PUBLICACIO DOMINIS
serviceci,39,CATJOC
serviceci,40,DOSSIERS DE PREMSA
serviceci,41,DUNWEB: SISTEMA INTEGRAL DE GESTIO I PRESENTACIO DECLARACIONS
serviceci,42,ECAP - ADM OPERADOR
serviceci,43,EJCAT-SUP-STD (SERVEI DE TRANSFORMACIO DE DOCUMENTS)
serviceci,44,GABJUR - GESTIO INTEGRAL DEL GABINET JURIDIC
serviceci,45,GAUDI - GESTIO DE TRIBUTS
serviceci,46,GESCON - GESTIO D'ACTES DE CONCILIACIONS
serviceci,47,GICAR: AUTENTICACIO TRANSFORMAT
serviceci,48,GSIT: CITA PREVIA
serviceci,49,GSIT: TRAMITAR EN LINIA
serviceci,50,GTR: GESTIO TELEMATICA RAMADERA
serviceci,51,INT.DPARC (VISOR GIS)
serviceci,52,INT.ERP (PERSONAL I INTEGRACIONS)
serviceci,53,INVENTARI PUBLIC
serviceci,54,ISISSCAT: PLATAFORMA INTEROPERABILITAT
serviceci,55,OPENSHIFT CPD4
serviceci,56,PLATAFORMA DE SERVEIS DE GESTIO DOCUMENTAL
serviceci,57,RPUC - REGISTRE DE PLANEJAMENT URBANISTIC DE CATALUNYA
serviceci,58,SI AVA: AVALUACIO D'ALUMNES
serviceci,59,SI SAGA: SISTEMA D'ADMINISTRACIO I GESTIO ACADEMICA DELS CENTRES DOCENTS PUBLICS
serviceci,60,SIIP: SISTEMA D'INFORMACIO D'INICIATIVES PARLAMENTARIES
serviceci,61,SILICON - FARMACIA HOSPITALARIA
serviceci,62,ACA: ARXIU CENTRAL ADMINISTRATIUS
serviceci,63,ACCESNET - APLICACIO PRINCIPAL
serviceci,64,APLICACIO NUCLI - FIREWALLS CPD NODGP
serviceci,65,ARQUITECTURA SERVEIS WEB
serviceci,66,BO SALUT
serviceci,67,BSSAN - ANELLA SANITARIA
serviceci,68,CLASSIFICACIO D'EMPRESES - FUNCIONS COMUNES
serviceci,69,CON: GESTIO INTEGRADA CONTROLS
serviceci,70,DENUNCIES INTERNET
serviceci,71,ECAP - ADMINISTRATIU - SIAP
serviceci,72,EJCAT-INT-POR (PORTAL)
serviceci,73,EJCAT-SUP-GUS (GESTIO D’USUARIS)
serviceci,74,"GEFACT - PLATAFORMA PER A LA RECEPCIO, CUSTODIA I REDISTRIBUCIO DE FACTURES ELECTRONIQUES"
serviceci,75,GESTIO DE CERTIFICATS DE CATALA
serviceci,76,GESTIO DE L'ORIENTACIO DELS DEMANDANTS (GALILEO)
serviceci,77,GICAR
serviceci,78,GSIT: CANAL EMPRESA
serviceci,79,HES - MPI
serviceci,80,HISTORIA CLINICA COMPARTIDA
serviceci,81,ICAM - GEA - GESTIO D'EXPEDIENTS
serviceci,82,ICAM - SIGIT - GESTIO DE LA INCAPACITAT TEMPORAL
serviceci,83,MODUL: MASTER CLOUD SIC 3.0
serviceci,84,MONITORATGE (BSM)
serviceci,85,NPAC
serviceci,86,NPAC: RECOLLIDA I CONSOLIDACIO DE LES DECLARACIONS DE LA POLITICA AGRARIA COMUNITARIA - PAC
serviceci,87,PARLA.CAT
serviceci,88,PLATAFORMA CORPORATIVA D'INTRANETS: MODUL SUPORT A INFRAESTRUCTURA
serviceci,89,PORTAL DE LES TIC DE LA GENERALITAT DE CATALUNYA
serviceci,90,PORTASIGNATURES PER A LES AUTORITZACIONS INICIALS DE TREBALL (CDS)
serviceci,91,PUBLICACIO DE DADES ELECTORALS
serviceci,92,SARCAT : APLICACIO WEB  DE REGISTRE
serviceci,93,SFTP CPD2
serviceci,94,SI DE GESTIO D'IMATGES I D'OBJECTES DE TSF
serviceci,95,SI GEDAC: GESTIO DE L'ESCOLARITZACIO DELS ALUMNES DE CATALUNYA (GEDAC)
serviceci,96,SI IOC: GESTIO ACADEMICA I ADMINISTRATIVA DE L'INSTITUT OBERT DE CATALUNYA
serviceci,97,SIFECAT 1420
serviceci,98,SIGESCAT3 - SISTEMA D'INFORMACIO GEOGRAFICA D'EMERGENCIES I SEGURETAT DE CATALUNYA
serviceci,99,SISTEMA D'ADMINISTRACIO I GESTIO ACADEMICA (SAGA)
serviceci,100,SISTEMA DE GESTIO DE PERSONES GENI (SI GENI)
serviceci,101,SISTEMA INFORMACIO GEOGRAFICA CORPORATIU
serviceci,102,TEI - TRAMITADOR D'EXPEDIENTS INTERDEPARTAMENTAL I ENTORN D'ADMINISTRACIO
serviceci,103,TESEO
serviceci,104,TRAMITADOR GENERIC : WEB
serviceci,105,VOLUNTARIAT PER LA LLENGUA
serviceci,106,WEB DEL GOVERN I PRESIDENT
ASORG,0,CPD4
ASORG,1,GESNUS
ASORG,2,AM16_23
ASORG,3,AM06_23
ASORG,4,CPD2
ASORG,5,GESNUS-N3SEUS
ASORG,6,CPD3
ASORG,7,AM07_23
ASORG,8,AM12_23
ASORG,9,AM20_23
ASORG,10,LT2C
ASORG,11,AM15_23
ASORG,12,AM22_23
ASORG,13,AM08_23
ASORG,14,AM11_23
ASORG,15,AM17_23
ASORG,16,CPD1
ASORG,17,AM10_23
ASORG,18,ESB2
ASORG,19,AM03_23
ASORG,20,AM13_23
ASORG,21,AM14_23
ASORG,22,AM21_23
ASORG,23,CPD-NUCLI-LOT2
ASORG,24,PLC1
ASORG,25,X21
ASORG,26,AM05_23
ASORG,27,AM16_19
ASORG,28,AM02_23
ASORG,29,AM13_19
ASORG,30,AM18_23
ASORG,31,X38
ASORG,32,AM01_19
ASORG,33,AM01_23
ASORG,34,AM07_19
ASORG,35,AM15_19
ASORG,36,AM20_19
ASORG,37,AM23_23
ASORG,38,ESB4
ASORG,39,LT2B
ASORG,40,X01
ASGRP,0,CPD4-N2-CANVIS
ASGRP,1,GESNUS-N2-NUS
ASGRP,2,AM16_23-N2-CANVIS
ASGRP,3,AM06_23-N2-CANVIS
ASGRP,4,CPD2-N2-CANVIS
ASGRP,5,CPD3-N2-CANVIS
ASGRP,6,AM07_23-N2-CANVIS
ASGRP,7,AM12_23-N2-CANVIS
ASGRP,8,AM20_23-N2-CANVIS
ASGRP,9,LT2C-N3-CHGOFFICE
ASGRP,10,AM15_23-N2-CANVIS
ASGRP,11,AM22_23-N2-CANVIS
ASGRP,12,GESNUS-N3-N3SEUS
ASGRP,13,AM08_23-N2-CANVIS
ASGRP,14,AM11_23-N2-CANVIS
ASGRP,15,AM17_23-N2-CANVIS
ASGRP,16,AM10_23-N2-CANVIS
ASGRP,17,CPD1-N2-CANVIS
ASGRP,18,CPD4-N3-CHGOFFICE
ASGRP,19,GESNUS-N2-N3SEUS
ASGRP,20,AM03_23-N2-CANVIS
ASGRP,21,AM13_23-N2-CANVIS
ASGRP,22,AM14_23-N2-CANVIS
ASGRP,23,AM21_23-N2-CANVIS
ASGRP,24,ESB2-N2-CANVIS
ASGRP,25,PLC1-N2-CANVIS
ASGRP,26,X21_SOSTIC_SIRT-N2
ASGRP,27,AM05_23-N2-CANVIS
ASGRP,28,AM02_23-N2-CANVIS
ASGRP,29,AM13_19-N2
ASGRP,30,AM16_19-N3-ARP
ASGRP,31,AM18_23-N2-CANVIS
ASGRP,32,NUCLI2-N3-COMM
ASGRP,33,NUCLI2-N3-INFRAESTRUCTURES
ASGRP,34,X38_ARCGIS_NEXUS-N2
ASGRP,35,AM01_19-N3-DESPL-EJCAT
ASGRP,36,AM01_23-N2-CANVIS
ASGRP,37,AM07_19-N2
ASGRP,38,AM15_19-N2
ASGRP,39,AM16_19-N3-CLT
ASGRP,40,AM20_19-N2
ASGRP,41,AM23_23-N2-CANVIS
ASGRP,42,CPD1-N2
ASGRP,43,CPD2-N3-GESTIO_CONFIG
ASGRP,44,CPD2-N3-NC
ASGRP,45,ESB2-N4-CHGOFFICE
ASGRP,46,ESB4-N2-CANVIS
ASGRP,47,LT2B-N4-ESCRIPTORI VIRTUAL
ASGRP,48,X01_BSM_HP-N2
categorization_tier_1,0,DESPLEGAMENT
categorization_tier_1,1,INFRAESTRUCTURA
categorization_tier_1,2,INFRAESTRUCTURA MULTIAMBIT
categorization_tier_1,3,SEGURETAT
categorization_tier_2,0,ON PREMISE
categorization_tier_2,1,CODI
categorization_tier_2,2,COMUNICACIONS
categorization_tier_2,3,CODI - SCRIPT
categorization_tier_2,4,SCRIPT
categorization_tier_2,5,CLOUD PRIVAT
categorization_tier_2,6,LLOC DE TREBALL
categorization_tier_2,7,CLOUD PUBLIC
categorization_tier_2,8,POLITIQUES
categorization_tier_2,9,PROGRAMARI
categorization_tier_2,10,SCRIPT - MODIFICACIO ESQUEMA BASE DE DADES
categorization_tier_2,11,SCRIPT - CONSULTA
categorization_tier_2,12,CONTINGUT
categorization_tier_2,13,SCRIPT - MODIFICACIO MASSIVA DE DADES
categorization_tier_2,14,MAQUINARI
categorization_tier_3,0,CORRECTIU
categorization_tier_3,1,CONTINUITAT
categorization_tier_3,2,EVOLUTIU
categorization_tier_3,3,PREVENTIU
categorization_tier_3,4,VERSIO
categorization_tier_3,5,OBSOLESCENCIA
categorization_tier_3,6,ADAPTATIU
categorization_tier_3,7,PEGATS
product_cat_tier_1,0,APLICACIONS
product_cat_tier_1,1,NUS
product_cat_tier_1,2,LLOC DE TREBALL
product_cat_tier_2,0,INTERNET D'USUARIS
product_cat_tier_2,1,AM16-CPD2
product_cat_tier_2,2,AM20-CPD4
product_cat_tier_2,3,AM19_19-CPD4
product_cat_tier_2,4,AM13-CPD2
product_cat_tier_2,5,AM06-CPD1
product_cat_tier_2,6,"SUPORT PRESENCIAL, PROVISIO, PLATAFORMA I IMPRESSIO"
product_cat_tier_2,7,AM01-CPD4
product_cat_tier_2,8,AM07-CPD4
product_cat_tier_2,9,AM15-CPD4
product_cat_tier_2,10,AM01-CPD4-CLOUD
product_cat_tier_2,11,AM11-CPD1
product_cat_tier_2,12,AM08-CPD2
product_cat_tier_2,13,AM03-CPD3
product_cat_tier_2,14,AM06-CPD2
product_cat_tier_2,15,AM12-CPD2
product_cat_tier_2,16,AM20_19-CPD4
product_cat_tier_2,17,AM21-NUCLI2
product_cat_tier_2,18,N3 SEUS
product_cat_tier_2,19,X09-CPD4
product_cat_tier_2,20,AM02-NUCLI2
product_cat_tier_2,21,AM03-CPD4
product_cat_tier_2,22,AM10-CPD1
product_cat_tier_2,23,AM14-CPD2
product_cat_tier_2,24,AM16_19-CPD2
product_cat_tier_2,25,AM17_19-CPD2-CLOUD
product_cat_tier_2,26,AM19-CPD4
product_cat_tier_2,27,AM22-CPD1
product_cat_tier_2,28,CPD4
product_cat_tier_2,29,ESPAI DE TREBALL
product_cat_tier_2,30,TERCERES EMPRESES
product_cat_tier_2,31,VPN USUARIS GENERALITAT
product_cat_tier_2,32,X35-CPD2-CLOUD
product_cat_tier_2,33,AM05-CPD2
product_cat_tier_2,34,AM13-CPD2-CLOUD
product_cat_tier_2,35,AM23-CPD4
product_cat_tier_2,36,CPD2
product_cat_tier_2,37,CPD3
product_cat_tier_2,38,SERVEIS PER LLDT
product_cat_tier_2,39,AM03-CPD1
product_cat_tier_2,40,AM03-CPD2
product_cat_tier_2,41,AM08-CPD1
product_cat_tier_2,42,AM13_19-CPD2
product_cat_tier_2,43,AM15_19-CPD2
product_cat_tier_2,44,AM18-CPD4
product_cat_tier_2,45,CPD1
product_cat_tier_2,46,PUBLICACIO DOMINIS
product_cat_tier_2,47,SERVEIS PER TI
product_cat_tier_2,48,AM01_19-CPD4
product_cat_tier_2,49,AM04-CPD2
product_cat_tier_2,50,AM04-NUCLI2
product_cat_tier_2,51,AM06-CPD2-CLOUD
product_cat_tier_2,52,AM07-CPD1
product_cat_tier_2,53,AM07_19-CPD3
product_cat_tier_2,54,AM10-CPD3
product_cat_tier_2,55,AM10_19-CPD2
product_cat_tier_2,56,AM15-CPD4-CLOUD
product_cat_tier_2,57,AM15_19-CPD4
product_cat_tier_2,58,AM16-CPD3
product_cat_tier_2,59,AM16-CPD4
product_cat_tier_2,60,AM16_19-CPD3
product_cat_tier_2,61,AM17-CPD2
product_cat_tier_2,62,AM17-CPD2-CLOUD
product_cat_tier_2,63,AM17-CPD3-CLOUD
product_cat_tier_2,64,AM20-CPD4-CLOUD
product_cat_tier_2,65,AM22-CLOUD
product_cat_tier_2,66,ANELLA SANITARIA
product_cat_tier_2,67,NUCLI2
product_cat_tier_3,0,-
product_cat_tier_3,1,ICS_ARGOS
product_cat_tier_3,2,ARP_ATIC
product_cat_tier_3,3,SOC
product_cat_tier_3,4,TSF_CONTA
product_cat_tier_3,5,TSF_GPS18
product_cat_tier_3,6,ACA-CC-MNT
product_cat_tier_3,7,COL·LABORACIO
product_cat_tier_3,8,TES_URBANISME
product_cat_tier_3,9,ARP_MSACCES
product_cat_tier_3,10,CORREU
product_cat_tier_3,11,SLT_OFICINA_TESEO
product_cat_tier_3,12,TES_ORG_TIC
product_cat_tier_3,13,TSF_GPS1
change_request_status,0,11
change_request_status,1,12
change_request_status,2,10
change_request_status,3,9
change_request_status,4,6
change_request_status,5,4
f01_chr_tipoafectacion,0,SENSE TALL DE SERVEI
f01_chr_tipoafectacion,1,TALL DE SERVEI
f01_chr_tipoafectacion,2,DEGRADACIO
Priority,0,P3
Priority,1,P1
